category,platform,filename,guided_topic
Gaming,Call of Duty HQ,COD_black_ops_editions.txt,2_game_player_voice_account
Gaming,Call of Duty HQ,COD_Reporting_a_Player_in_Call_of_Duty_Modern_Warfare_III.txt,2_game_player_voice_account
Gaming,Call of Duty HQ,COD_appeal_a_ban.txt,2_game_player_voice_account
Gaming,Call of Duty HQ,COD_Voice_Chat_Moderation_FAQ.txt,2_game_player_voice_account
Gaming,Call of Duty HQ,COD_CODE_OF_CONDUCT.txt,2_game_player_voice_account
Gaming,Call of Duty HQ,COD_security_and_enforcement_policy.txt,2_game_player_voice_account
Gaming,Call of Duty HQ,COD_mobile_security_and_enforcement_policy.txt,2_game_player_voice_account
Gaming,Call of Duty HQ,COD_anti-toxicity_report.txt,2_game_player_voice_account
Gaming,Call of Duty HQ,COD_software_license_and_service_agreement.txt,4_service_term_use_agreement
Gaming,Call of Duty HQ,COD_Privacy_Policy.txt,2_game_player_voice_account
Gaming,Call of Duty HQ,COD_reporting_guide_Call_of_Duty_Warzone_mobile.txt,2_game_player_voice_account
Gaming,Call of Duty HQ,COD_Terms_of_Use.txt,4_service_term_use_agreement
Gaming,EA Sports FC 24,EA_How_EA_handles_reports_of_harassment_and_illegal_content.txt,-1_content_report_community_account
Gaming,EA Sports FC 24,EA_Content_Moderation_and_Enforcement.txt,2_game_player_voice_account
Gaming,EA Sports FC 24,EA_Report_cheating_harassment_and_illegal_content.txt,2_game_player_voice_account
Gaming,EA Sports FC 24,EA_User_agreement.txt,4_service_term_use_agreement
Gaming,EA Sports FC 24,EA_positive_play_community_guidelines.txt,2_game_player_voice_account
Gaming,EA Sports FC 24,EA_locks_bans_and_suspensions.txt,14_account_ban_appeal_error
Gaming,Minecraft,Minecraft_banned_accounts.txt,14_account_ban_appeal_error
Gaming,Minecraft,Minecraft_family_account.txt,2_game_player_voice_account
Gaming,Minecraft,Minecraft_resources_for_parents.txt,2_game_player_voice_account
Gaming,Minecraft,Minecraft_end_user_agreement.txt,-1_content_report_community_account
Gaming,Minecraft,Minecraft_community_guidelines.txt,2_game_player_voice_account
Gaming,Minecraft,Minecraft_report_a_server.txt,2_game_player_voice_account
Gaming,Minecraft,Minecraft_Guidelines_for_Reporting_Inappropriate_Player_Behavior.txt,9_report_click_message_account
Gaming,Minecraft,Minecraft_terms_of_service.txt,4_service_term_use_agreement
Gaming,Minecraft,Minecraft_realms_safety.txt,2_game_player_voice_account
Gaming,Minecraft,Minecraft_report_a_concern.txt,2_game_player_voice_account
Gaming,Minecraft,Minecraft_usage_guidelines.txt,2_game_player_voice_account
Gaming,Minecraft,Minecraft_java_reporting_guide.txt,9_report_click_message_account
Gaming,Minecraft,Minecraft_commitment_to_player_safety.txt,2_game_player_voice_account
Gaming,Minecraft,Minecraft_Xbox_community_standards.txt,2_game_player_voice_account
Gaming,Fortnite,Fortnite_End_User_License_Agreement.txt,4_service_term_use_agreement
Gaming,Fortnite,Fortnite_Parental_Controls.txt,2_game_player_voice_account
Gaming,Fortnite,Fortnite_Content_Guidelines.txt,2_game_player_voice_account
Gaming,Fortnite,Fortnite_Unreal_Editor_for_Fortnite_Supplemental_Terms_to_the_EULA.txt,4_service_term_use_agreement
Gaming,Fortnite,Fortnite_How_to_report_bad_player_behavior.txt,23_job_report_select_match
Gaming,Fortnite,Fortnite_Cabined_Accounts.txt,2_game_player_voice_account
Gaming,Fortnite,Fortnite_sanctions_and_appeals.txt,-1_content_report_community_account
Gaming,Fortnite,Fortnite_privacy_policy.txt,2_game_player_voice_account
Gaming,Fortnite,Fortnite_community_guidelines.txt,2_game_player_voice_account
Gaming,Fortnite,Fortnite_Fan_Content_Policy.txt,-1_content_report_community_account
Gaming,Fortnite,Fortnite_Report_Content.txt,2_game_player_voice_account
Gaming,Fortnite,Fortnite_reporting_misconduct.txt,2_game_player_voice_account
Gaming,Fortnite,Fortnite_Creator_Rules.txt,2_game_player_voice_account
SocialMedia,Discord,Discord_Warning_System.txt,-1_content_report_community_account
SocialMedia,Discord,Discord_appeal_our_actions.txt,0_safety_community_information_user
SocialMedia,Discord,Discord_spam_and_hacking.txt,13_spam_server_report_account
SocialMedia,Discord,Discord_Culture_of_Safety.txt,0_safety_community_information_user
SocialMedia,Discord,Discord_Off-Platform_Behaviors.txt,-1_content_report_community_account
SocialMedia,Discord,Discord_Trust_and_Safety_Investigations.txt,0_safety_community_information_user
SocialMedia,Discord,Discord_Platform_Manipulation.txt,13_spam_server_report_account
SocialMedia,Discord,Discord_Law_Enforcement.txt,0_safety_community_information_user
SocialMedia,Discord,Discord_reporting_abusive_behaviour.txt,-1_content_report_community_account
SocialMedia,Discord,Discord_Tip_ for_Parents.txt,12_teen_parent_comment_young
SocialMedia,Discord,Discord_privacy_policy.txt,0_safety_community_information_user
SocialMedia,Discord,Discord_Terms_of_Service.txt,4_service_term_use_agreement
SocialMedia,Discord,Discord_Community_Guidelines.txt,0_safety_community_information_user
SocialMedia,Discord,Discord_Suicide_and_Self-harm.txt,3_suicide_disorder_eat_selfharm
SocialMedia,Discord,Discord_How_to_Report_Abusive_Behavior .txt,-1_content_report_community_account
SocialMedia,Discord,Discord_Sexual_Content.txt,5_sexual_consent_explicit_content
SocialMedia,Discord,Discord_Bringing_Policies_to_Life.txt,0_safety_community_information_user
SocialMedia,Discord,Discord_Violence _and_Graphic_Content.txt,18_animal_violence_violent_harm
SocialMedia,Discord,Discord_Doxxing.txt,0_safety_community_information_user
SocialMedia,Discord,Discord_Hateful_Conduct.txt,7_hate_protect_speech_group
SocialMedia,Discord,Discord_scams.txt,13_spam_server_report_account
SocialMedia,Discord,Discord_Mental_Health.txt,3_suicide_disorder_eat_selfharm
SocialMedia,Discord,Discord_administrators_and_moderators.txt,0_safety_community_information_user
SocialMedia,Discord,Discord_Bullying_and_harassment.txt,11_harassment_bullying_individual_target
SocialMedia,Discord,Discord_how_we_investigate.txt,0_safety_community_information_user
SocialMedia,Discord,Discord_Non-Consensual_Adult_Intimate.txt,5_sexual_consent_explicit_content
SocialMedia,Discord,Discord_Defining_and_Addressing_Online_Trolling.txt,11_harassment_bullying_individual_target
SocialMedia,Discord,Discord_Violent_Extremism.txt,21_violence_violent_organisation_extremist
SocialMedia,Discord,Discord_Support_Abuse.txt,0_safety_community_information_user
SocialMedia,Discord,Discord_Identity_and_Authenticity.txt,-1_content_report_community_account
SocialMedia,Discord,Discord_Policies_and_Guidelines.txt,0_safety_community_information_user
SocialMedia,Discord,Discord_Teen_and_Child_Safety.txt,5_sexual_consent_explicit_content
SocialMedia,Discord,Discord_Ban_Evasion_and_Advanced_Harassment.txt,0_safety_community_information_user
SocialMedia,Discord,Discord_account_safety.txt,0_safety_community_information_user
SocialMedia,Pinterest,Pinterest_Report_hate_speech.txt,7_hate_protect_speech_group
SocialMedia,Pinterest,Pinterest_transparency_report_2023.txt,16_appeal_pin_deactivate_request
SocialMedia,Pinterest,Pinterest_Law_enforcement_guidelines.txt,22_request_law_enforcement_user
SocialMedia,Pinterest,Pinterest_Block_or_unblock_someone.txt,1_chat_message_messenger_block
SocialMedia,Pinterest,Pinterest_Teen_safety_options.txt,12_teen_parent_comment_young
SocialMedia,Pinterest,Pinterest_Report_harassment.txt,-1_content_report_community_account
SocialMedia,Pinterest,Pinterest_Account_suspension.txt,14_account_ban_appeal_error
SocialMedia,Pinterest,Pinterest_Privacy_Policy.txt,10_information_datum_device_use
SocialMedia,Pinterest,Pinterest_Resources_for_parents_and_caregivers_of_teens.txt,12_teen_parent_comment_young
SocialMedia,Pinterest,Pinterest_Review_the_Pinner_Promise.txt,0_safety_community_information_user
SocialMedia,Pinterest,Pinterest_Terms_of_Service.txt,4_service_term_use_agreement
SocialMedia,Pinterest,"Pinterest_Suicide,_self-harm_and_domestic_violence_prevention.txt",3_suicide_disorder_eat_selfharm
SocialMedia,Pinterest,Pinterest_Community_Guidelines.txt,20_content_edsa_guideline_misinformation
SocialMedia,Pinterest,Pinterest_Emotional_health_resources.txt,3_suicide_disorder_eat_selfharm
SocialMedia,Pinterest,Pinterest_Report_impersonation.txt,14_account_ban_appeal_error
SocialMedia,Quora,Quora_Partner_Program.txt,10_information_datum_device_use
SocialMedia,Quora,Quora_self-injury.txt,3_suicide_disorder_eat_selfharm
SocialMedia,Quora,Quora_Spaces_Policies.txt,7_hate_protect_speech_group
SocialMedia,Quora,Quora_harassing.txt,9_report_click_message_account
SocialMedia,Quora,Quora_Platform_Policies.txt,-1_content_report_community_account
SocialMedia,Quora,Quora_Privacy_Policy.txt,10_information_datum_device_use
SocialMedia,Quora,Quora_Acceptable_Use_Policy.txt,15_strike_restriction_policy_violation
SocialMedia,Quora,Quora_Terms_of_Service.txt,4_service_term_use_agreement
SocialMedia,Quora,Quora_law_enforcement.txt,22_request_law_enforcement_user
SocialMedia,Quora,Quora_law_enforcement_2.txt,22_request_law_enforcement_user
SocialMedia,Quora,Quora_moderator_guide.txt,-1_content_report_community_account
SocialMedia,Meta,Meta_bullying_tips.txt,8_bully_bullying_student_help
SocialMedia,Meta,Meta_violence_and_criminality.txt,-1_content_report_community_account
SocialMedia,Meta,Meta_Dangerous_organisations_and_individuals.txt,21_violence_violent_organisation_extremist
SocialMedia,Meta,Meta_teen_bully.txt,8_bully_bullying_student_help
SocialMedia,Meta,Meta_Violence_and_incitement.txt,21_violence_violent_organisation_extremist
SocialMedia,Meta,Meta_Privacy_violations.txt,10_information_datum_device_use
SocialMedia,Meta,Meta_sextortion_guide.txt,5_sexual_consent_explicit_content
SocialMedia,Meta,Meta_Self-Harm_and_Suicide_Publisher_and_Creator_Guidelines.txt,3_suicide_disorder_eat_selfharm
SocialMedia,Meta,Meta_Bullying_and_Harassment_Publisher_and_Creator_Guidelines.txt,11_harassment_bullying_individual_target
SocialMedia,Meta,Meta_account_integrity.txt,-1_content_report_community_account
SocialMedia,Meta,Meta_restricting_accounts.txt,15_strike_restriction_policy_violation
SocialMedia,Meta,Meta_parents_bullying_1.txt,8_bully_bullying_student_help
SocialMedia,Meta,Meta_adult_sexual_exploitation.txt,5_sexual_consent_explicit_content
SocialMedia,Meta,Meta_sextortion_tips.txt,5_sexual_consent_explicit_content
SocialMedia,Meta,Meta_parents_bullying_2.txt,8_bully_bullying_student_help
SocialMedia,Meta,Meta_Coordinating_harm_and_promoting_crime _ Transparency Centre.txt,18_animal_violence_violent_harm
SocialMedia,Meta,Meta_counting_strikes.txt,15_strike_restriction_policy_violation
SocialMedia,Meta,Meta_community_standards_update.txt,15_strike_restriction_policy_violation
SocialMedia,Meta,Meta_suicide_prevention.txt,3_suicide_disorder_eat_selfharm
SocialMedia,Meta,Meta_violating_content.txt,15_strike_restriction_policy_violation
SocialMedia,Meta,Meta_parents_and_bullying.txt,8_bully_bullying_student_help
SocialMedia,Meta,Meta_content_guide.txt,-1_content_report_community_account
SocialMedia,Meta,Meta_Bullying_and_Harassment.txt,11_harassment_bullying_individual_target
SocialMedia,Meta,Meta_respond_to_bullying.txt,8_bully_bullying_student_help
SocialMedia,Meta,Meta_Hate_speech_advertising.txt,7_hate_protect_speech_group
SocialMedia,Meta,Meta_misinformation.txt,19_misinformation_false_content_health
SocialMedia,Meta,Meta_hate_speech_publisher_and_creator_guidelines.txt,7_hate_protect_speech_group
SocialMedia,Meta,Meta_Privacy_Policy_ How_Meta_collects_and_uses_user_data.txt,10_information_datum_device_use
SocialMedia,Meta,Meta_self-harm_and_suicide_creator_guidelines.txt,3_suicide_disorder_eat_selfharm
SocialMedia,Meta,Meta_community_standards_enforcement_report.txt,16_appeal_pin_deactivate_request
SocialMedia,Meta,Meta_content_violating_community_standards.txt,15_strike_restriction_policy_violation
SocialMedia,Meta,Meta_Inauthentic_behaviour.txt,-1_content_report_community_account
SocialMedia,Meta,Meta_Suicide_and_self-injury.txt,3_suicide_disorder_eat_selfharm
SocialMedia,Meta,Meta_Hate_speech.txt,7_hate_protect_speech_group
SocialMedia,Meta,Meta_teens_bullying.txt,8_bully_bullying_student_help
SocialMedia,Meta,Meta_Commerce_Policy.txt,-1_content_report_community_account
SocialMedia,Meta,Meta_prevent_bullying_and_harassment.txt,8_bully_bullying_student_help
SocialMedia,Meta,Meta_teacher_bullying_4.txt,8_bully_bullying_student_help
SocialMedia,Meta,Meta_Community_Standards.txt,-1_content_report_community_account
SocialMedia,Meta,Meta_teacher_bullying_1.txt,8_bully_bullying_student_help
SocialMedia,Meta,Meta_spam.txt,-1_content_report_community_account
SocialMedia,Meta,Meta_teen_bullying_support.txt,8_bully_bullying_student_help
SocialMedia,Meta,Meta_teacher_bullying_2.txt,8_bully_bullying_student_help
SocialMedia,Meta,Meta_teacher_bullying_3.txt,8_bully_bullying_student_help
SocialMedia,Meta,Meta_cybersecurity.txt,13_spam_server_report_account
SocialMedia,YouTube,YouTube_Hate speech policy.txt,7_hate_protect_speech_group
SocialMedia,YouTube,YouTube_harmful_or_dangerous_content.txt,-1_content_report_community_account
SocialMedia,YouTube,YouTube_Educational_Documentary_Scientific_and_Artistic_content.txt,20_content_edsa_guideline_misinformation
SocialMedia,YouTube,YouTube_appeal.txt,-1_content_report_community_account
SocialMedia,YouTube,YouTube_Harassment _&_cyberbullying_policies.txt,11_harassment_bullying_individual_target
SocialMedia,YouTube,YouTube_child_safety.txt,12_teen_parent_comment_young
SocialMedia,YouTube,YouTube_thumbnail_policy.txt,5_sexual_consent_explicit_content
SocialMedia,YouTube,YouTube_community_guidelines_2.txt,20_content_edsa_guideline_misinformation
SocialMedia,YouTube,YouTube_Nudity_&_Sexual_Content.txt,5_sexual_consent_explicit_content
SocialMedia,YouTube,YouTube_community_guidelines_tips.txt,-1_content_report_community_account
SocialMedia,YouTube,YouTube_children_and_teens.txt,12_teen_parent_comment_young
SocialMedia,YouTube,YouTube_Privacy_Policy.txt,-1_content_report_community_account
SocialMedia,YouTube,YouTube_manage_harmful_content.txt,20_content_edsa_guideline_misinformation
SocialMedia,YouTube,YouTube_Privacy _Guidelines.txt,-1_content_report_community_account
SocialMedia,YouTube,YouTube_Misinformation.txt,19_misinformation_false_content_health
SocialMedia,YouTube,YouTube_creator_responsibility.txt,16_appeal_pin_deactivate_request
SocialMedia,YouTube,YouTube_external_links_policy.txt,20_content_edsa_guideline_misinformation
SocialMedia,YouTube,YouTube_spam_policy.txt,13_spam_server_report_account
SocialMedia,YouTube,YouTube_Violent_extremist_policy.txt,21_violence_violent_organisation_extremist
SocialMedia,YouTube,YouTube_suicide_and_self-harm_guide.txt,3_suicide_disorder_eat_selfharm
SocialMedia,YouTube,YouTube_Terms_of_Service.txt,4_service_term_use_agreement
SocialMedia,YouTube,YouTube_hate_and_harassment.txt,7_hate_protect_speech_group
SocialMedia,YouTube,YouTube_community_guidelines.txt,20_content_edsa_guideline_misinformation
SocialMedia,YouTube,YouTube_Violent_or_graphic_content.txt,18_animal_violence_violent_harm
SocialMedia,YouTube,YouTube_age_restricted_content.txt,12_teen_parent_comment_young
SocialMedia,YouTube,YouTube_reporting_tools.txt,7_hate_protect_speech_group
SocialMedia,YouTube,"YouTube_Suicide,_self-harm,_and_eating_disorders_policy.txt",3_suicide_disorder_eat_selfharm
SocialMedia,YouTube,YouTube_channel_or_account_terminations.txt,-1_content_report_community_account
SocialMedia,YouTube,YouTube_community_guidelines_strikes.txt,-1_content_report_community_account
SocialMedia,Facebook,Facebook_Publisher_content_and_Facebook_Community_Standards  .txt,-1_content_report_community_account
SocialMedia,Facebook,Facebook_Why_you_can't_post.txt,24_filter_comment_word_message
SocialMedia,Facebook,Facebook_report_suicidal_content.txt,3_suicide_disorder_eat_selfharm
SocialMedia,Facebook,Facebook_Suicide_and_self-injury_resources.txt,3_suicide_disorder_eat_selfharm
SocialMedia,Facebook,Facebook_What_types_of_behaviour_does_Facebook_identify_as_abusive.txt,9_report_click_message_account
SocialMedia,Facebook,Facebook_report_abuse.txt,9_report_click_message_account
SocialMedia,Facebook,Facebook_report_inappropriate_or_abusive_things.txt,9_report_click_message_account
SocialMedia,Facebook,Facebook_Help_and_support_for_suicidal_or_self-injurious_thoughts.txt,3_suicide_disorder_eat_selfharm
SocialMedia,Facebook,Facebook_reporting_abuse.txt,9_report_click_message_account
SocialMedia,Facebook,Facebook_How_to_handle_threats_to_share_private_images_or_personal_info_on_Facebook.txt,-1_content_report_community_account
SocialMedia,Facebook,Facebook_What_types_of_things_aren't_allowed.txt,-1_content_report_community_account
SocialMedia,Facebook,Facebook_Report_content_on_Facebook.txt,9_report_click_message_account
SocialMedia,Facebook,Facebook_account_suspension.txt,14_account_ban_appeal_error
SocialMedia,Facebook,"Facebook_How_to_handle_bullying,_harassment_or_personal attack_on_Facebook.txt",8_bully_bullying_student_help
SocialMedia,Facebook,Facebook_Terms_of_Service.txt,4_service_term_use_agreement
SocialMedia,Facebook,Facebook_blocked_from_sending_friend_requests.txt,1_chat_message_messenger_block
SocialMedia,Facebook,Facebook_report_a_message.txt,-1_content_report_community_account
SocialMedia,Facebook,Facebook_reporting_guide.txt,-1_content_report_community_account
SocialMedia,Facebook,Facebook_abuse_resources.txt,8_bully_bullying_student_help
SocialMedia,Facebook,Facebook_community_guidelines.txt,-1_content_report_community_account
SocialMedia,Facebook,Facebook_safety_guidelines.txt,-1_content_report_community_account
SocialMedia,Reddit,Reddit_harassment_filter.txt,24_filter_comment_word_message
SocialMedia,Reddit,Reddit_spam.txt,13_spam_server_report_account
SocialMedia,Reddit,Reddit_Developer_Terms.txt,4_service_term_use_agreement
SocialMedia,Reddit,Reddit_Promoting_Hate_Based_on_Identity_or_Vulnerability.txt,7_hate_protect_speech_group
SocialMedia,Reddit,Reddit_Public_Content_Policy.txt,-1_content_report_community_account
SocialMedia,Reddit,Reddit_Do_not_post_violent_content.txt,18_animal_violence_violent_harm
SocialMedia,Reddit,Reddit_community_muting.txt,-1_content_report_community_account
SocialMedia,Reddit,Reddit_account_ban.txt,14_account_ban_appeal_error
SocialMedia,Reddit,Reddit_uncomfortable_content.txt,15_strike_restriction_policy_violation
SocialMedia,Reddit,Reddit_Content_Moderation.txt,16_appeal_pin_deactivate_request
SocialMedia,Reddit,Reddit_non-consensual_sharing.txt,5_sexual_consent_explicit_content
SocialMedia,Reddit,Reddit_transparency_report_2024.txt,16_appeal_pin_deactivate_request
SocialMedia,Reddit,Reddit_Do_not_threaten_harass_bully.txt,11_harassment_bullying_individual_target
SocialMedia,Reddit,Reddit_How_do_I_report_abuse_of_the_report_system.txt,9_report_click_message_account
SocialMedia,Reddit,Reddit_posting_private_information.txt,-1_content_report_community_account
SocialMedia,Reddit,Reddit_Moderator_Code_of_Conduct.txt,-1_content_report_community_account
SocialMedia,Reddit,Reddit_Privacy_Policy.txt,10_information_datum_device_use
SocialMedia,Reddit,Reddit_User_Agreement.txt,4_service_term_use_agreement
SocialMedia,Reddit,Reddit_report_spam.txt,-1_content_report_community_account
SocialMedia,Reddit,Reddit_Guidelines_for_Law_Enforcement.txt,22_request_law_enforcement_user
SocialMedia,Reddit,Reddit_quarantined_communities.txt,16_appeal_pin_deactivate_request
SocialMedia,Reddit,Reddit_Content_Policy.txt,-1_content_report_community_account
SocialMedia,TikTok,TikTok_accounts_and_features.txt,-1_content_report_community_account
SocialMedia,TikTok,TikTok_Integrity_and_Authenticity.txt,19_misinformation_false_content_health
SocialMedia,TikTok,TikTok_content_violations_and_bans.txt,-1_content_report_community_account
SocialMedia,TikTok,TikTok_guardian's guide.txt,12_teen_parent_comment_young
SocialMedia,TikTok,TikTok_wellbeing.txt,0_safety_community_information_user
SocialMedia,TikTok,TikTok_Mental_and_Behavioral_Health.txt,3_suicide_disorder_eat_selfharm
SocialMedia,TikTok,TikTok_Safety_and_civility.txt,18_animal_violence_violent_harm
SocialMedia,TikTok,TikTok_safety_guide.txt,-1_content_report_community_account
SocialMedia,TikTok,TikTok_eating_disorders.txt,3_suicide_disorder_eat_selfharm
SocialMedia,TikTok,TikTok_content_moderation.txt,-1_content_report_community_account
SocialMedia,TikTok,TikTok_suicide_and_self-harm.txt,3_suicide_disorder_eat_selfharm
SocialMedia,TikTok,TikTok_youth_safety_and_well-being.txt,12_teen_parent_comment_young
SocialMedia,TikTok,TikTok_Community_guidelines.txt,-1_content_report_community_account
SocialMedia,TikTok,TikTok_community_principles.txt,-1_content_report_community_account
SocialMedia,TikTok,TikTok_teen_privacy_and_safety.txt,12_teen_parent_comment_young
SocialMedia,TikTok,TikTok_account_safety.txt,0_safety_community_information_user
SocialMedia,TikTok,TikTok_sexual_abuse_support.txt,5_sexual_consent_explicit_content
SocialMedia,TikTok,TikTok_community_guidelines_new_rules.txt,0_safety_community_information_user
SocialMedia,TikTok,TikTok_privacy_policy.txt,10_information_datum_device_use
SocialMedia,TikTok,TikTok_bullying_prevention.txt,8_bully_bullying_student_help
SocialMedia,TikTok,TikTok_comments_live.txt,-1_content_report_community_account
SocialMedia,TikTok,TikTok_Terms_of_Service.txt,4_service_term_use_agreement
SocialMedia,TikTok,TikTok_countering_hate_speech_&_behavior.txt,7_hate_protect_speech_group
SocialMedia,Instagram,Instagram_suicide_and_self-injury.txt,3_suicide_disorder_eat_selfharm
SocialMedia,Instagram,Instagram_parent's_guide.txt,12_teen_parent_comment_young
SocialMedia,Instagram,Instagram_reporting_guide.txt,9_report_click_message_account
SocialMedia,Instagram,Instagram_Recommendations_on_Instagram.txt,3_suicide_disorder_eat_selfharm
SocialMedia,Instagram,Instagram_dealing_with_conflict.txt,-1_content_report_community_account
SocialMedia,Instagram,Instagram_Terms_of_Use.txt,4_service_term_use_agreement
SocialMedia,Instagram,Instagram_anti_bullying.txt,24_filter_comment_word_message
SocialMedia,Instagram,Instagram_falsely_reported.txt,-1_content_report_community_account
SocialMedia,Instagram,Instagram_bullying_and_harassment_guide.txt,24_filter_comment_word_message
SocialMedia,Instagram,Instagram_Abuse_and_Spam.txt,9_report_click_message_account
SocialMedia,Instagram,Instagram_defamation.txt,11_harassment_bullying_individual_target
SocialMedia,Instagram,Instagram_Community_Guidelines.txt,-1_content_report_community_account
SocialMedia,Instagram,Instagram_abuse_guide.txt,-1_content_report_community_account
SocialMedia,Instagram,Instagram_Community_Guidelines_FAQs.txt,-1_content_report_community_account
SocialMedia,Instagram,Instagram_anti-harassment_features.txt,24_filter_comment_word_message
SocialMedia,Instagram,Instagram_hate_accounts.txt,11_harassment_bullying_individual_target
SocialMedia,Instagram,Instagram_About_Eating_Disorders.txt,3_suicide_disorder_eat_selfharm
SocialMedia,Instagram,Instagram_suicide_and_self-harm.txt,3_suicide_disorder_eat_selfharm
SocialMedia,Instagram,Instagram_sensitive_content.txt,-1_content_report_community_account
SocialMedia,Instagram,Instagram_content_lowering.txt,20_content_edsa_guideline_misinformation
SocialMedia,Instagram,Instagram_how_to_report.txt,-1_content_report_community_account
SocialMedia,Instagram,Instagram_tools_protect_against_abuse.txt,24_filter_comment_word_message
SocialMedia,Instagram,Instagram_Reporting_harassment_or_bullying_on_Instagram.txt,8_bully_bullying_student_help
SocialMedia,Instagram,Instagram_Self-Injury.txt,3_suicide_disorder_eat_selfharm
SocialMedia,Instagram,Instagram_eating_disorder_help.txt,3_suicide_disorder_eat_selfharm
SocialMedia,Instagram,Instagram_report_abuse.txt,8_bully_bullying_student_help
SocialMedia,Instagram,Instagram_content_reccomendations.txt,3_suicide_disorder_eat_selfharm
SocialMedia,Instagram,Instagram_bullying_prevention.txt,8_bully_bullying_student_help
SocialMedia,X,X_Understanding_how_X_handles_offensive_or_explicit_Posts.txt,6_post_account_report_violation
SocialMedia,X,X_private_information_policy_and_doxxing.txt,6_post_account_report_violation
SocialMedia,X,X_authenticity.txt,6_post_account_report_violation
SocialMedia,X,X_notices_and_meanings.txt,6_post_account_report_violation
SocialMedia,X,X_suicide_&_self-harm_policy.txt,6_post_account_report_violation
SocialMedia,X,X_abusive_profile_information.txt,6_post_account_report_violation
SocialMedia,X,X_enforcement.txt,6_post_account_report_violation
SocialMedia,X,X_suspended_accounts.txt,6_post_account_report_violation
SocialMedia,X,X_How_X_handles_abuse_and_harassment.txt,6_post_account_report_violation
SocialMedia,X,X_Perpetrators_of_violent_attacks_policy.txt,6_post_account_report_violation
SocialMedia,X,X_customizing_your_X_experience.txt,6_post_account_report_violation
SocialMedia,X,X_non-consensual_nudity_policy.txt,6_post_account_report_violation
SocialMedia,X,X_Our_policy_on_violent_organizations.txt,6_post_account_report_violation
SocialMedia,X,X_How_to_help_someone_experiencing_online_abuse.txt,6_post_account_report_violation
SocialMedia,X,X_violent_and_hateful_entities.txt,6_post_account_report_violation
SocialMedia,X,X_Terms_of_Service.txt,4_service_term_use_agreement
SocialMedia,X,X_policy_on_hateful_conduct.txt,6_post_account_report_violation
SocialMedia,X,X_enforcement_policy.txt,6_post_account_report_violation
SocialMedia,X,X_What_to_do_about_self-harm_and_suicide_concerns_on_X.txt,6_post_account_report_violation
SocialMedia,X,X_Privacy_Policy.txt,-1_content_report_community_account
SocialMedia,X,X_How_to_handle_abuse_and_how_we_can_help.txt,6_post_account_report_violation
SocialMedia,X,X_legal_request_FAQs.txt,6_post_account_report_violation
SocialMedia,X,X_How_to_report_violations_of_X_Rules_and_Terms_of_Service.txt,6_post_account_report_violation
SocialMedia,X,X_Violent_Content.txt,6_post_account_report_violation
SocialMedia,X,X_reporting.txt,6_post_account_report_violation
SocialMedia,X,X_reporting_abuse.txt,6_post_account_report_violation
SocialMedia,X,X_transparency_report.txt,16_appeal_pin_deactivate_request
SocialMedia,X,X_blocking_links.txt,6_post_account_report_violation
SocialMedia,LinkedIn,LinkedIn_reporting_jobs.txt,23_job_report_select_match
SocialMedia,LinkedIn,LinkedIn_account_restrictions.txt,14_account_ban_appeal_error
SocialMedia,LinkedIn,LinkedIn_User_Agreement.txt,-1_content_report_community_account
SocialMedia,LinkedIn,LinkedIn_Hateful_and_derogatory_content.txt,7_hate_protect_speech_group
SocialMedia,LinkedIn,LinkedIn_Automated_harm_detection.txt,-1_content_report_community_account
SocialMedia,LinkedIn,LinkedIn_how_we_enforce_our_professional_community_policies.txt,15_strike_restriction_policy_violation
SocialMedia,LinkedIn,LinkedIn_Recognize_and_report.txt,13_spam_server_report_account
SocialMedia,LinkedIn,LinkedIn_Community_Chats_FAQ.txt,1_chat_message_messenger_block
SocialMedia,LinkedIn,Linkedin_report_unsafe.txt,-1_content_report_community_account
SocialMedia,LinkedIn,LinkedIn_Report_harassment_or_a_safety_concern.txt,-1_content_report_community_account
SocialMedia,LinkedIn,LinkedIn_Sexual_innuendos_and_unwanted_advances.txt,5_sexual_consent_explicit_content
SocialMedia,LinkedIn,LinkedIn_community_guidelines.txt,-1_content_report_community_account
SocialMedia,LinkedIn,LinkedIn_enforcement.txt,15_strike_restriction_policy_violation
SocialMedia,LinkedIn,LinkedIn_Harassment_and_abusive_content.txt,11_harassment_bullying_individual_target
SocialMedia,LinkedIn,LinkedIn_Service_Terms.txt,4_service_term_use_agreement
SocialMedia,LinkedIn,LinkedIn_User_Agreement_Summary.txt,-1_content_report_community_account
SocialMedia,LinkedIn,LinkedIn_blocking.txt,1_chat_message_messenger_block
SocialMedia,LinkedIn,LinkedIn_report_message.txt,-1_content_report_community_account
SocialMedia,LinkedIn,LinkedIn_sending_requests.txt,1_chat_message_messenger_block
SocialMedia,LinkedIn,LinkedIn_Transparency_Community_Report.txt,13_spam_server_report_account
SocialMedia,LinkedIn,LinkedIn_Types_of_content_policy_violations.txt,-1_content_report_community_account
InstantMessaging,Google Messages,Google_Messages_Terms_of_service.txt,4_service_term_use_agreement
InstantMessaging,Google Messages,Google_Messages_Report_spam.txt,1_chat_message_messenger_block
InstantMessaging,Google Messages,Google_Messages_your_account_is_disabled.txt,14_account_ban_appeal_error
InstantMessaging,Google Messages,Google_Messages_Understand_the_basics_of_privacy.txt,1_chat_message_messenger_block
InstantMessaging,Google Messages,Google_Messages_privacy_policy.txt,10_information_datum_device_use
InstantMessaging,Google Messages,Google_Messages_policies.txt,15_strike_restriction_policy_violation
InstantMessaging,Google Messages,Google_Messages_about_community_guidelines.txt,16_appeal_pin_deactivate_request
InstantMessaging,Google Messages,Google_Messages_Block_senders_and_report_spam.txt,13_spam_server_report_account
InstantMessaging,Google Messages,Google_Messages_spam_detection.txt,1_chat_message_messenger_block
InstantMessaging,Google Messages,Google_Messages_about_suspicious_message_alerts .txt,1_chat_message_messenger_block
InstantMessaging,Facebook Messenger,Facebook_Messenger_Report_inappropriate_or_abusive_things .txt,9_report_click_message_account
InstantMessaging,Facebook Messenger,Facebook_Messenger_report_community_chats.txt,1_chat_message_messenger_block
InstantMessaging,Facebook Messenger,Facebook_Messenger_unsent_messages.txt,1_chat_message_messenger_block
InstantMessaging,Facebook Messenger,Facebook_Messenger_Privacy_and_safety_on_Messenger.txt,1_chat_message_messenger_block
InstantMessaging,Facebook Messenger,Facebook_Messenger_Report_something.txt,9_report_click_message_account
InstantMessaging,Facebook Messenger,Facebook_Messenger_friend_request_messenger_kids.txt,1_chat_message_messenger_block
InstantMessaging,Facebook Messenger,Facebook_Messenger_who_can_message_you.txt,-1_content_report_community_account
InstantMessaging,Facebook Messenger,Facebook_Messenger_What_to_do_if_someone_is_bothering_you.txt,-1_content_report_community_account
InstantMessaging,Facebook Messenger,"Facebook_Messenger_blocking,_reporting,_and_deleting.txt",1_chat_message_messenger_block
InstantMessaging,Facebook Messenger,Facebook_Messenger_community_chats.txt,1_chat_message_messenger_block
InstantMessaging,Facebook Messenger,Facebook_Messenger_Reporting_abuse.txt,9_report_click_message_account
InstantMessaging,Facebook Messenger,Facebook_Messenger_How_do_I_report_something_on_Facebook_if_I_dont_have_an_accout.txt,-1_content_report_community_account
InstantMessaging,Facebook Messenger,Facecbook_Messenger_Access_to_community_chats_for_Facebook_groups.txt,1_chat_message_messenger_block
InstantMessaging,Facebook Messenger,Facebook_Messenger_Blocked_from_sending_friend_requests on Facebook.txt,1_chat_message_messenger_block
InstantMessaging,Facebook Messenger,Facebook_Messenger_Spam.txt,13_spam_server_report_account
InstantMessaging,Facebook Messenger,Facebook_Messenger_Preventing_Unwanted_Contacts.txt,1_chat_message_messenger_block
InstantMessaging,Facebook Messenger,Facebook_Messenger_suicide_and_self-harm.txt,3_suicide_disorder_eat_selfharm
InstantMessaging,Facebook Messenger,Facebook_Messenger_Reporting_Conversations.txt,-1_content_report_community_account
InstantMessaging,Facebook Messenger,Facebook_Messenger_friending.txt,1_chat_message_messenger_block
InstantMessaging,Telegram,Telegram_FAQ.txt,1_chat_message_messenger_block
InstantMessaging,Telegram,Telegram_Bug_Bounty_Program.txt,-1_content_report_community_account
InstantMessaging,Telegram,Telegram_FAQ_Spam.txt,13_spam_server_report_account
InstantMessaging,Telegram,Telegram_Privacy_Policy.txt,1_chat_message_messenger_block
InstantMessaging,Telegram,Telegram_Terms_of_Service.txt,14_account_ban_appeal_error
InstantMessaging,Telegram,Telegram_Terms_of_Service_for_Telegram_Gateway.txt,4_service_term_use_agreement
InstantMessaging,Telegram,Telegram_Creating_your_Telegram_Application.txt,14_account_ban_appeal_error
InstantMessaging,Telegram,Telegram_Support_Force.txt,-1_content_report_community_account
InstantMessaging,Telegram,Telegram_Ads.txt,-1_content_report_community_account
InstantMessaging,Telegram,Telegram_User_guidance_for_the_EU_Digital_Services_Act.txt,5_sexual_consent_explicit_content
InstantMessaging,Snapchat,Snapchat_report_a_safety_concern.txt,0_safety_community_information_user
InstantMessaging,Snapchat,Snapchat_Terms_of_service.txt,4_service_term_use_agreement
InstantMessaging,Snapchat,Snapchat_How_do_I_stay_safe.txt,0_safety_community_information_user
InstantMessaging,Snapchat,Snapchat_content_guidelines_for_recommendation_eligibility.txt,-1_content_report_community_account
InstantMessaging,Snapchat,Snapchat_Privacy_Policy.txt,-1_content_report_community_account
InstantMessaging,Snapchat,Snapchat_Harassment_&_Bullying.txt,11_harassment_bullying_individual_target
InstantMessaging,Snapchat,Snapchat_Harassment_&_Bullying_recommendation_eligibility.txt,11_harassment_bullying_individual_target
InstantMessaging,Snapchat,Snapchat_back_to_school.txt,12_teen_parent_comment_young
InstantMessaging,Snapchat,Snapchat_Sexual_Content.txt,5_sexual_consent_explicit_content
InstantMessaging,Snapchat,"Snapchat_Moderation,_Enforcement,_and_Appeals.txt",-1_content_report_community_account
InstantMessaging,Snapchat,Snapchat_adult_content_advertising.txt,5_sexual_consent_explicit_content
InstantMessaging,Snapchat,Snapchat_Transparency_Report_2023.txt,16_appeal_pin_deactivate_request
InstantMessaging,Snapchat,Snapchat_who_can_contact.txt,1_chat_message_messenger_block
InstantMessaging,Snapchat,Snapchat_Community_Guidelines.txt,0_safety_community_information_user
InstantMessaging,Snapchat,Snapchat_Hateful_Content.txt,21_violence_violent_organisation_extremist
InstantMessaging,Snapchat,Snapchat_law_enforcement.txt,22_request_law_enforcement_user
InstantMessaging,Snapchat,Snapchat_hate_terrorism_and_extremism_advertising.txt,7_hate_protect_speech_group
InstantMessaging,Snapchat,Snapchat_transparency_report_glossary.txt,5_sexual_consent_explicit_content
InstantMessaging,Snapchat,Snapchat_safety_centre.txt,0_safety_community_information_user
InstantMessaging,Snapchat,Snapchat_New_Features_to_Help_Protect_Our_Community.txt,1_chat_message_messenger_block
InstantMessaging,Snapchat,Snapchat_Violent_or_Disturbing.txt,18_animal_violence_violent_harm
InstantMessaging,Snapchat,Snapchat_How_We_Keep_Our_Snapchat_Community_Safe_&_Informed .txt,0_safety_community_information_user
InstantMessaging,Snapchat,Snapchat_Safeguards_for_Teens_Parentâ€™s_Guide_to_Snapchat.txt,12_teen_parent_comment_young
InstantMessaging,Snapchat,"Snapchat_Threats,_Violence_&_Harm.txt",18_animal_violence_violent_harm
InstantMessaging,Snapchat,Snapchat_Suicide_Prevention_Awareness.txt,3_suicide_disorder_eat_selfharm
InstantMessaging,Snapchat,Snapchat_False_or_Deceptive_Information_eligibility_requirements.txt,19_misinformation_false_content_health
InstantMessaging,Snapchat,Snapchat_severe_harm.txt,0_safety_community_information_user
InstantMessaging,Snapchat,Snapchat_error_logging_in.txt,14_account_ban_appeal_error
InstantMessaging,Snapchat,Snapchat_Safety_Resources.txt,0_safety_community_information_user
InstantMessaging,Snapchat,Snapchat_Well-being_Features.txt,0_safety_community_information_user
InstantMessaging,Snapchat,Snapchat_Harassment_prohibited.txt,-1_content_report_community_account
InstantMessaging,Snapchat,Snapchat_privacy_by_product.txt,1_chat_message_messenger_block
InstantMessaging,Snapchat,Snapchat_How_do_I_report_abuse_or_illegal_content_on_Snapchat.txt,-1_content_report_community_account
InstantMessaging,Snapchat,Snapchat_harmful_false_or_deceptive_information.txt,19_misinformation_false_content_health
InstantMessaging,WhatsApp,WhatsApp_How_to_keep_your_groups_and_community_safe.txt,1_chat_message_messenger_block
InstantMessaging,WhatsApp,WhatsApp_Messaging_Guidelines.txt,1_chat_message_messenger_block
InstantMessaging,WhatsApp,WhatsApp_How_to_use_WhatsApp_responsibly.txt,1_chat_message_messenger_block
InstantMessaging,WhatsApp,WhatsApp_admin_controls.txt,-1_content_report_community_account
InstantMessaging,WhatsApp,WhatsApp_Supporting_your_well-being.txt,1_chat_message_messenger_block
InstantMessaging,WhatsApp,WhatsApp_Information_for_Law_Enforcement.txt,22_request_law_enforcement_user
InstantMessaging,WhatsApp,WhatsApp_suspicious_messages_and_scams.txt,1_chat_message_messenger_block
InstantMessaging,WhatsApp,WhatsApp_Establish_boundaries_and_a_positive_atmosphere.txt,25_member_boundary_ghost_feel
InstantMessaging,WhatsApp,WhatsApp_How_to_stay_safe.txt,1_chat_message_messenger_block
InstantMessaging,WhatsApp,WhatsApp_traceability.txt,1_chat_message_messenger_block
InstantMessaging,WhatsApp,WhatsApp_Privacy_Policy.txt,4_service_term_use_agreement
InstantMessaging,WhatsApp,WhatsApp_end_to_end_encryption.txt,1_chat_message_messenger_block
InstantMessaging,WhatsApp,WhatsApp_Terms_of_Service.txt,4_service_term_use_agreement
InstantMessaging,WhatsApp,WhatsApp_About_building_private_safe_and_secure_communities.txt,-1_content_report_community_account
InstantMessaging,WhatsApp,WhatsApp_Help_your_teen_stay_safe .txt,12_teen_parent_comment_young
InstantMessaging,WhatsApp,WhatsApp_building_a_safe_community.txt,-1_content_report_community_account
Dating,Bumble,Bumble_violent_content.txt,18_animal_violence_violent_harm
Dating,Bumble,Bumble_suicide_and_self-harm.txt,3_suicide_disorder_eat_selfharm
Dating,Bumble,Bumble_Support_fetishized_trans_woman.txt,17_trans_shame_body_report
Dating,Bumble,Bumble_community_guidelines.txt,-1_content_report_community_account
Dating,Bumble,Bumble_Disinformation.txt,19_misinformation_false_content_health
Dating,Bumble,Bumble_why_we_are_asking_about_ethnicity.txt,7_hate_protect_speech_group
Dating,Bumble,Bumble_When_Should_I_Use_Block_and_report.txt,-1_content_report_community_account
Dating,Bumble,Bumble_Microaggressions_and_fetishization.txt,17_trans_shame_body_report
Dating,Bumble,Bumble_Reporting_after_being_unmatched.txt,17_trans_shame_body_report
Dating,Bumble,Bumble_dangerous_organisations.txt,21_violence_violent_organisation_extremist
Dating,Bumble,Bumble_what_will_get_you_kicked_off.txt,25_member_boundary_ghost_feel
Dating,Bumble,Bumble_Safety_IRL.txt,0_safety_community_information_user
Dating,Bumble,Bumble_unsolicited_images.txt,5_sexual_consent_explicit_content
Dating,Bumble,Bumble_scam.txt,-1_content_report_community_account
Dating,Bumble,Bumble_bullying_and_abuse.txt,11_harassment_bullying_individual_target
Dating,Bumble,Bumble_unsolicited_indecent_photo.txt,-1_content_report_community_account
Dating,Bumble,Bumble_politics_filter.txt,16_appeal_pin_deactivate_request
Dating,Bumble,Bumble_Unmatch_someone.txt,17_trans_shame_body_report
Dating,Bumble,Bumble_safety_guide.txt,0_safety_community_information_user
Dating,Bumble,Bumble_identity_based_hate.txt,7_hate_protect_speech_group
Dating,Bumble,Bumble_unmatched.txt,-1_content_report_community_account
Dating,Bumble,Bumble_nudity.txt,5_sexual_consent_explicit_content
Dating,Bumble,Bumble_Reporting_abusive_messages.txt,17_trans_shame_body_report
Dating,Bumble,Bumble_Privacy_policy.txt,10_information_datum_device_use
Dating,Bumble,Bumble_misinformation.txt,19_misinformation_false_content_health
Dating,Bumble,Bumble_spam.txt,13_spam_server_report_account
Dating,Bumble,Bumble_digital_abuse.txt,-1_content_report_community_account
Dating,Bumble,Bumble_what_does_sexual_harassment_look_like.txt,5_sexual_consent_explicit_content
Dating,Bumble,Bumble_identity_based_hate_article.txt,7_hate_protect_speech_group
Dating,Bumble,Bumble_Block_and_Report.txt,-1_content_report_community_account
Dating,Bumble,Bumble_What_happens_when_you_report.txt,17_trans_shame_body_report
Dating,Bumble,Bumble_catfishing.txt,-1_content_report_community_account
Dating,Bumble,Bumble_sexual_harassment.txt,5_sexual_consent_explicit_content
Dating,Bumble,Bumble_terms_and_conditions.txt,4_service_term_use_agreement
Dating,Bumble,Bumble_physical_and_sexual_violence.txt,5_sexual_consent_explicit_content
Dating,Grindr,Grindr_safety_tips.txt,1_chat_message_messenger_block
Dating,Grindr,Grindr_Terms_of_Service.txt,4_service_term_use_agreement
Dating,Grindr,Grindr_Quick_safety_tips.txt,0_safety_community_information_user
Dating,Grindr,Grindr_support_contacts.txt,-1_content_report_community_account
Dating,Grindr,Grindr_safety.txt,0_safety_community_information_user
Dating,Grindr,Grindr_machine_learning.txt,-1_content_report_community_account
Dating,Grindr,Grindr_consent.txt,5_sexual_consent_explicit_content
Dating,Grindr,Grindr_album_sharing.txt,-1_content_report_community_account
Dating,Grindr,Grindr_trans_support.txt,17_trans_shame_body_report
Dating,Grindr,Grindr_sexual_harassment_trans.txt,-1_content_report_community_account
Dating,Grindr,Grindr_Blocking_and_reporting.txt,-1_content_report_community_account
Dating,Grindr,Grindr_establishing_trust.txt,1_chat_message_messenger_block
Dating,Grindr,Grindr_make_grindr_joyful.txt,-1_content_report_community_account
Dating,Grindr,Grindr_Holistic_safety_guide.txt,0_safety_community_information_user
Dating,Grindr,Grindr_privacy_policy.txt,10_information_datum_device_use
Dating,Grindr,Grindr_scam.txt,-1_content_report_community_account
Dating,Grindr,Grindr_Meeting_up.txt,0_safety_community_information_user
Dating,Grindr,Grindr_Community_Guidelines.txt,-1_content_report_community_account
Dating,Grindr,Grindr_How_Grindr_moderates.txt,-1_content_report_community_account
Dating,Badoo,Badoo_Privacy_Policy.txt,10_information_datum_device_use
Dating,Badoo,Badoo_Screenshot_Block.txt,-1_content_report_community_account
Dating,Badoo,Badoo_misinformation.txt,19_misinformation_false_content_health
Dating,Badoo,Badoo_spam.txt,13_spam_server_report_account
Dating,Badoo,Badoo_How_to_Unmatch.txt,1_chat_message_messenger_block
Dating,Badoo,Badoo_adult_nudity_and_sexual_activity.txt,5_sexual_consent_explicit_content
Dating,Badoo,Badoo_violent_or_graphic_content.txt,18_animal_violence_violent_harm
Dating,Badoo,Badoo_physical_and_sexual_violence.txt,5_sexual_consent_explicit_content
Dating,Badoo,Badoo_Rude_Message_Detector.txt,-1_content_report_community_account
Dating,Badoo,Badoo_Block_and_Report.txt,-1_content_report_community_account
Dating,Badoo,Badoo_Community_Guidelines.txt,-1_content_report_community_account
Dating,Badoo,Badoo_explicit_photo.txt,5_sexual_consent_explicit_content
Dating,Badoo,Badoo_Terms_and_conditions_of_use.txt,-1_content_report_community_account
Dating,Badoo,Badoo_sexual_harassment.txt,5_sexual_consent_explicit_content
Dating,Badoo,Badoo_suicide_and_self-injury.txt,3_suicide_disorder_eat_selfharm
Dating,Badoo,Badoo_body_shaming.txt,17_trans_shame_body_report
Dating,Badoo,Badoo_I_am_being_harassed.txt,-1_content_report_community_account
Dating,Badoo,Badoo_identity-based_hate_guide.txt,7_hate_protect_speech_group
Dating,Badoo,Badoo_identity-based_hate.txt,7_hate_protect_speech_group
Dating,Badoo,Badoo_bullying_and_abusive_content.txt,11_harassment_bullying_individual_target
Dating,Badoo,Badoo_abusive_message.txt,9_report_click_message_account
Dating,Badoo,Badoo_What_happens_when_I_report.txt,9_report_click_message_account
Dating,Hinge,Hinge_Safe_Dating_Advice.txt,-1_content_report_community_account
Dating,Hinge,Hinge_No_Tolerance.txt,7_hate_protect_speech_group
Dating,Hinge,Hinge_terms_of_use.txt,4_service_term_use_agreement
Dating,Hinge,Hinge_Supporting_Gender_Diversity.txt,7_hate_protect_speech_group
Dating,Hinge,Hinge_Stop_Asian_Hate.txt,7_hate_protect_speech_group
Dating,Hinge,Hinge_reporting.txt,23_job_report_select_match
Dating,Hinge,Hinge_are_you_sure.txt,1_chat_message_messenger_block
Dating,Hinge,Hinge_automated_decision-making.txt,-1_content_report_community_account
Dating,Hinge,Hinge_Communicating_and_Obtaining_Consent.txt,25_member_boundary_ghost_feel
Dating,Hinge,Hinge_Trust_and_safety.txt,0_safety_community_information_user
Dating,Hinge,Hinge_What_We_Believe.txt,7_hate_protect_speech_group
Dating,Hinge,Hinge_report.txt,25_member_boundary_ghost_feel
Dating,Hinge,Hinge_why_was_my_account_banned.txt,14_account_ban_appeal_error
Dating,Hinge,Hinge_sharing_across_Match.txt,4_service_term_use_agreement
Dating,Hinge,Hinge_self-harm.txt,3_suicide_disorder_eat_selfharm
Dating,Hinge,Hinge_Privacy_Policy.txt,10_information_datum_device_use
Dating,Hinge,Hinge_Consequences_for_False_Reporting.txt,-1_content_report_community_account
Dating,Hinge,Hinge_Member_Principles.txt,0_safety_community_information_user
Dating,Hinge,Hinge_how_interactions_with_other_members_are_processed.txt,0_safety_community_information_user
Dating,Tinder,Tinder_Privacy_Policy.txt,10_information_datum_device_use
Dating,Tinder,Tinder_Safety.txt,0_safety_community_information_user
Dating,Tinder,Tinder_safety_and_policy_center.txt,0_safety_community_information_user
Dating,Tinder,Tinder_How_To_Deal.txt,17_trans_shame_body_report
Dating,Tinder,Tinder_Community_Guidelines.txt,25_member_boundary_ghost_feel
Dating,Tinder,Tinder_reporting.txt,23_job_report_select_match
Dating,Tinder,Tinder_case_reviews.txt,-1_content_report_community_account
Dating,Tinder,Tinder_Safety_tips.txt,0_safety_community_information_user
Dating,Tinder,Tinder_Reporting_something_to_Tinder.txt,-1_content_report_community_account
Dating,Tinder,Tinder_Safety_features.txt,1_chat_message_messenger_block
Dating,Tinder,Tinder_safety_resources.txt,-1_content_report_community_account
Dating,Tinder,Tinder_the_basics.txt,17_trans_shame_body_report
Dating,Tinder,Tinder_Privacy_FAQs.txt,-1_content_report_community_account
Dating,Tinder,Tinder_dating_safety_tips.txt,-1_content_report_community_account
Dating,Tinder,Tinder_Terms_of_Use.txt,4_service_term_use_agreement
Dating,Tinder,Tinder_off-line_behaviour.txt,23_job_report_select_match
Dating,Tinder,Tinder_suicide.txt,3_suicide_disorder_eat_selfharm
Dating,Tinder,Tinder_What_to_Report.txt,-1_content_report_community_account
Dating,Tinder,Tinder_ghosting.txt,25_member_boundary_ghost_feel
Dating,Tinder,Tinder_summary_of_terms.txt,4_service_term_use_agreement
Dating,Tinder,Tinder_how_to_report.txt,23_job_report_select_match
Dating,Tinder,Tinder_Enforcing_our_policies.txt,15_strike_restriction_policy_violation
Dating,Tinder,Tinder_consent_101.txt,5_sexual_consent_explicit_content
Dating,Tinder,Tinder_Reporting_in-person_physical_harm.txt,-1_content_report_community_account
